{
    "center": [
        639.8826293945312,
        555.6424560546875
    ],
    "anchor": [
        641.5,
        459.5
    ],
    "angle": 89.03622423314303,
    "size": [
        535.3328247070312,
        267.0229797363281
    ],
    "tcp_pos": [
        639.8826293945312,
        717.6424560546875
    ]
}